date,temperature_2m,precipitation,humidity_2m
2021-01-28,22.48,0.22,72.53
2021-01-29,23.03,0.02,64.89
2021-01-30,22.61,0.76,72.22
2021-01-31,23.11,1.36,66.52
2021-02-01,21.22,0.06,65.28
2021-02-02,22.64,0.09,64.98
2021-02-03,23.32,1.32,65.86
2021-02-04,23.06,6.15,70.37
2021-02-05,23.12,0.56,69.0
2021-02-06,23.44,0.21,65.79
2021-02-07,22.27,0.0,63.12
2021-02-08,22.06,0.01,68.63
2021-02-09,23.1,0.3,75.26
2021-02-10,23.96,0.72,72.01
2021-02-11,22.8,2.26,77.96
2021-02-12,23.4,2.19,72.46
2021-02-13,23.06,3.38,75.68
2021-02-14,21.75,1.46,84.49
2021-02-15,23.35,4.12,75.76
2021-02-16,23.1,7.26,78.63
2021-02-17,23.41,2.23,77.4
2021-02-18,23.36,2.94,78.33
2021-02-19,23.44,5.94,75.55
2021-02-20,21.93,0.66,80.91
2021-02-21,20.81,0.02,75.94
2021-02-22,21.08,0.55,78.72
2021-02-23,21.09,2.79,78.08
2021-02-24,22.38,0.1,75.26
2021-02-25,22.36,0.19,74.05
2021-02-26,23.27,0.49,72.62
2021-02-27,23.2,0.18,71.95
2021-02-28,24.2,0.03,65.79
2021-03-01,24.03,0.22,70.05
2021-03-02,24.28,0.49,69.84
2021-03-03,24.39,0.06,70.41
2021-03-04,23.86,0.65,72.19
2021-03-05,23.75,1.96,74.19
2021-03-06,22.12,3.36,81.83
2021-03-07,23.04,1.04,74.72
2021-03-08,23.49,0.73,73.88
2021-03-09,23.27,1.19,73.98
2021-03-10,23.76,0.57,67.85
2021-03-11,24.07,0.06,67.43
2021-03-12,24.41,0.0,64.18
2021-03-13,24.63,0.01,64.45
2021-03-14,25.02,0.02,64.94
2021-03-15,23.95,0.15,71.75
2021-03-16,23.2,3.78,75.03
2021-03-17,23.12,4.19,77.59
2021-03-18,22.13,1.23,80.19
2021-03-19,23.15,2.32,74.69
2021-03-20,22.57,12.35,80.2
2021-03-21,22.15,1.72,80.94
2021-03-22,22.01,7.64,81.38
2021-03-23,22.96,1.76,76.61
2021-03-24,22.6,2.35,78.21
2021-03-25,22.38,0.81,80.07
2021-03-26,23.02,0.26,76.62
2021-03-27,21.7,0.48,76.65
2021-03-28,22.41,1.45,71.22
2021-03-29,23.07,2.89,74.11
2021-03-30,22.48,4.38,80.38
2021-03-31,21.31,24.0,85.69
2021-04-01,22.2,4.32,81.61
2021-04-02,21.89,11.65,86.33
2021-04-03,21.98,11.15,80.35
2021-04-04,20.86,9.85,87.25
2021-04-05,21.9,2.18,83.18
2021-04-06,21.4,3.12,79.98
2021-04-07,22.67,4.18,77.31
2021-04-08,21.65,4.9,85.77
2021-04-09,21.12,4.14,88.68
2021-04-10,21.72,11.35,83.5
2021-04-11,21.55,3.55,86.91
2021-04-12,20.81,7.2,88.16
2021-04-13,19.97,13.51,92.13
2021-04-14,21.61,0.43,80.47
2021-04-15,22.0,0.2,81.42
2021-04-16,22.11,0.81,82.9
2021-04-17,22.06,6.08,85.02
2021-04-18,21.64,2.6,87.8
2021-04-19,22.83,17.96,82.16
2021-04-20,21.99,6.48,85.15
2021-04-21,20.72,9.18,89.81
2021-04-22,21.65,1.59,85.83
2021-04-23,20.99,9.59,85.61
2021-04-24,20.87,11.62,83.89
2021-04-25,20.13,3.98,89.56
2021-04-26,20.75,11.55,86.2
2021-04-27,21.81,2.01,79.7
2021-04-28,21.79,0.4,81.16
2021-04-29,22.31,14.44,84.19
2021-04-30,22.44,5.96,82.58
2021-05-01,21.93,2.05,85.15
2021-05-02,22.23,1.86,83.27
2021-05-03,22.32,8.66,81.23
2021-05-04,20.84,0.81,85.76
2021-05-05,20.74,0.71,87.88
2021-05-06,21.1,8.37,85.85
2021-05-07,20.41,23.07,89.24
2021-05-08,19.95,4.37,90.81
2021-05-09,20.07,2.97,88.28
2021-05-10,20.11,4.71,87.32
2021-05-11,20.65,4.52,87.39
2021-05-12,20.07,4.48,92.33
2021-05-13,22.15,0.39,77.02
2021-05-14,21.95,1.44,83.04
2021-05-15,21.55,2.13,85.55
2021-05-16,21.89,1.07,85.09
2021-05-17,22.57,0.46,80.39
2021-05-18,21.46,0.75,86.58
2021-05-19,20.37,4.14,90.93
2021-05-20,21.23,1.22,84.1
2021-05-21,21.55,1.08,84.62
2021-05-22,22.15,1.85,83.09
2021-05-23,21.76,1.19,82.29
2021-05-24,21.28,1.37,81.06
2021-05-25,21.45,0.56,77.43
2021-05-26,20.91,0.1,81.77
2021-05-27,21.45,0.29,81.43
2021-05-28,22.41,0.08,76.68
2021-05-29,22.28,0.04,76.83
2021-05-30,21.72,0.38,82.77
2021-05-31,22.43,0.23,81.22
2021-06-01,22.24,0.02,80.17
2021-06-02,22.17,0.02,76.19
2021-06-03,21.74,0.0,78.08
2021-06-04,21.17,0.09,81.84
2021-06-05,21.34,1.02,82.88
2021-06-06,20.42,4.55,85.45
2021-06-07,20.61,0.7,82.98
2021-06-08,21.38,0.3,77.65
2021-06-09,21.61,0.09,78.05
2021-06-10,21.62,0.03,75.26
2021-06-11,21.66,0.07,74.96
2021-06-12,20.72,0.7,79.86
2021-06-13,21.82,0.04,73.06
2021-06-14,21.87,0.65,73.76
2021-06-15,21.64,1.41,77.52
2021-06-16,20.75,1.35,84.19
2021-06-17,21.52,0.44,79.05
2021-06-18,19.8,0.85,88.26
2021-06-19,20.78,0.39,80.82
2021-06-20,20.71,0.31,78.87
2021-06-21,19.65,0.61,82.32
2021-06-22,20.81,0.05,76.34
2021-06-23,21.05,0.14,75.92
2021-06-24,20.74,0.04,74.71
2021-06-25,20.35,1.08,78.1
2021-06-26,21.13,0.33,73.66
2021-06-27,21.31,0.05,71.3
2021-06-28,20.8,1.9,75.53
2021-06-29,20.63,0.77,75.18
2021-06-30,20.74,0.94,77.52
2021-07-01,21.17,0.55,75.64
2021-07-02,21.61,0.03,73.32
2021-07-03,21.42,0.46,73.12
2021-07-04,21.74,0.09,69.42
2021-07-05,21.48,0.07,69.51
2021-07-06,20.84,0.02,71.31
2021-07-07,20.97,0.08,71.08
2021-07-08,20.4,1.15,73.24
2021-07-09,20.49,1.01,77.19
2021-07-10,21.09,0.27,73.2
2021-07-11,21.5,0.11,69.54
2021-07-12,21.02,0.24,71.16
2021-07-13,21.42,0.27,72.71
2021-07-14,21.59,0.54,75.02
2021-07-15,21.65,1.5,74.79
2021-07-16,21.51,1.54,72.93
2021-07-17,20.85,0.0,69.95
2021-07-18,21.02,0.0,67.53
2021-07-19,21.28,0.01,64.53
2021-07-20,21.48,0.0,65.75
2021-07-21,21.55,0.0,70.25
2021-07-22,21.24,0.0,70.25
2021-07-23,21.34,0.0,66.24
2021-07-24,21.87,0.0,68.02
2021-07-25,21.07,0.01,65.8
2021-07-26,20.96,0.0,66.68
2021-07-27,21.01,0.0,67.23
2021-07-28,21.4,0.01,68.4
2021-07-29,22.02,0.23,67.23
2021-07-30,21.89,0.14,66.92
2021-07-31,21.74,0.03,63.91
2021-08-01,21.4,0.09,66.76
2021-08-02,21.07,0.28,72.06
2021-08-03,22.82,0.1,64.05
2021-08-04,23.42,0.2,64.82
2021-08-05,23.29,0.74,67.86
2021-08-06,23.49,0.56,66.38
2021-08-07,23.47,0.44,66.89
2021-08-08,23.87,1.13,65.13
2021-08-09,21.5,6.25,80.97
2021-08-10,21.48,3.61,78.89
2021-08-11,20.66,0.31,82.55
2021-08-12,21.91,0.34,74.08
2021-08-13,23.29,0.6,71.18
2021-08-14,20.73,3.02,83.34
2021-08-15,21.52,0.36,72.14
2021-08-16,22.48,0.25,67.22
2021-08-17,22.31,0.14,68.98
2021-08-18,22.46,0.61,71.24
2021-08-19,23.07,0.23,68.9
2021-08-20,22.72,0.6,72.15
2021-08-21,23.23,0.27,67.9
2021-08-22,22.92,0.51,68.1
2021-08-23,23.43,0.17,64.07
2021-08-24,22.93,0.18,66.64
2021-08-25,23.72,0.16,62.56
2021-08-26,24.2,0.1,60.44
2021-08-27,23.65,0.1,60.33
2021-08-28,24.06,0.01,53.34
2021-08-29,24.95,0.0,52.44
2021-08-30,23.75,0.16,67.79
2021-08-31,23.67,1.59,68.89
2021-09-01,21.42,0.66,80.47
2021-09-02,22.58,1.31,71.77
2021-09-03,21.17,11.53,80.17
2021-09-04,20.8,1.96,81.15
2021-09-05,22.4,2.53,72.06
2021-09-06,22.83,4.88,73.16
2021-09-07,23.08,0.22,70.83
2021-09-08,23.12,0.54,70.79
2021-09-09,20.87,8.46,82.34
2021-09-10,20.13,1.91,86.4
2021-09-11,21.63,0.98,75.66
2021-09-12,22.15,0.43,71.64
2021-09-13,21.84,3.77,74.01
2021-09-14,23.49,0.6,65.37
2021-09-15,24.39,1.38,63.52
2021-09-16,24.1,4.63,67.18
2021-09-17,23.2,5.76,74.99
2021-09-18,21.0,7.6,82.55
2021-09-19,21.2,11.15,80.89
2021-09-20,21.76,3.4,77.94
2021-09-21,22.76,1.02,71.82
2021-09-22,20.9,3.6,79.9
2021-09-23,22.3,0.33,71.52
2021-09-24,21.41,2.44,80.22
2021-09-25,21.41,3.49,77.95
2021-09-26,22.5,0.36,71.65
2021-09-27,21.99,0.53,75.17
2021-09-28,23.42,1.79,70.74
2021-09-29,23.76,0.89,67.31
2021-09-30,22.85,1.31,73.28
2021-10-01,23.85,0.72,68.34
2021-10-02,23.54,8.04,73.17
2021-10-03,21.15,4.64,83.49
2021-10-04,21.55,1.05,78.31
2021-10-05,23.25,1.82,71.01
2021-10-06,21.87,1.56,81.44
2021-10-07,22.97,0.88,70.32
2021-10-08,24.14,1.21,63.72
2021-10-09,23.67,0.71,71.89
2021-10-10,23.92,0.93,69.22
2021-10-11,23.25,3.5,73.47
2021-10-12,21.0,4.59,83.14
2021-10-13,22.04,0.69,73.49
2021-10-14,23.98,0.64,65.99
2021-10-15,23.78,5.56,70.82
2021-10-16,23.72,1.09,69.18
2021-10-17,24.12,0.65,69.41
2021-10-18,23.33,1.77,73.87
2021-10-19,22.62,3.92,80.39
2021-10-20,22.29,5.56,81.56
2021-10-21,21.27,23.81,85.83
2021-10-22,21.79,2.78,80.76
2021-10-23,23.33,1.45,71.3
2021-10-24,24.28,0.1,66.26
2021-10-25,24.35,0.21,67.73
2021-10-26,24.78,1.42,64.11
2021-10-27,23.12,4.05,74.33
2021-10-28,21.95,13.6,81.55
2021-10-29,22.73,2.32,76.11
2021-10-30,22.54,2.6,77.71
2021-10-31,23.46,3.94,74.12
2021-11-01,23.19,0.41,71.9
2021-11-02,22.53,9.65,75.87
2021-11-03,22.19,15.66,79.46
2021-11-04,21.55,22.28,81.32
2021-11-05,22.01,8.14,78.05
2021-11-06,22.04,17.69,80.97
2021-11-07,21.78,3.36,83.98
2021-11-08,22.07,1.11,80.32
2021-11-09,20.96,1.16,85.26
2021-11-10,22.21,1.32,78.98
2021-11-11,22.9,7.97,76.77
2021-11-12,21.78,0.9,79.36
2021-11-13,22.72,0.59,76.51
2021-11-14,23.56,0.2,70.51
2021-11-15,23.47,0.14,69.64
2021-11-16,22.23,10.73,78.8
2021-11-17,23.04,0.71,74.65
2021-11-18,22.7,0.97,76.15
2021-11-19,23.05,0.68,73.21
2021-11-20,22.22,1.89,76.41
2021-11-21,21.74,11.34,83.57
2021-11-22,22.22,11.09,78.84
2021-11-23,22.99,1.28,73.48
2021-11-24,22.95,4.22,76.22
2021-11-25,21.27,67.64,86.31
2021-11-26,21.05,4.33,84.93
2021-11-27,21.28,4.18,86.08
2021-11-28,21.72,1.1,81.07
2021-11-29,22.2,2.98,80.04
2021-11-30,21.33,6.81,83.24
2021-12-01,21.89,1.19,78.88
2021-12-02,22.31,0.11,75.27
2021-12-03,21.65,1.37,81.16
2021-12-04,22.38,1.0,79.67
2021-12-05,21.67,2.17,82.16
2021-12-06,21.92,0.54,77.4
2021-12-07,22.63,3.94,76.46
2021-12-08,22.61,3.18,75.97
2021-12-09,22.49,3.62,76.35
2021-12-10,21.93,14.87,80.65
2021-12-11,22.95,1.02,71.66
2021-12-12,21.68,0.0,68.16
2021-12-13,22.62,0.12,72.1
2021-12-14,22.81,2.13,76.43
2021-12-15,22.06,5.16,81.22
2021-12-16,23.28,0.99,73.36
2021-12-17,23.41,6.08,69.73
2021-12-18,22.89,1.01,72.9
2021-12-19,22.58,5.66,78.06
2021-12-20,23.37,2.48,75.51
2021-12-21,24.47,2.52,70.32
2021-12-22,24.03,1.24,69.98
2021-12-23,24.04,2.22,72.08
2021-12-24,23.62,1.65,73.7
2021-12-25,23.05,3.1,76.85
2021-12-26,23.34,3.8,75.87
2021-12-27,22.63,0.86,76.95
2021-12-28,23.22,5.95,74.75
2021-12-29,21.95,9.9,81.44
2021-12-30,23.58,1.92,71.13
2021-12-31,22.5,1.63,75.9
2022-01-01,22.51,0.12,71.39
2022-01-02,22.17,0.14,74.85
2022-01-03,23.04,0.19,70.7
2022-01-04,23.84,0.1,66.68
2022-01-05,23.69,0.02,62.98
2022-01-06,24.2,0.08,63.11
2022-01-07,24.51,0.01,64.02
2022-01-08,24.83,0.03,66.95
2022-01-09,25.32,0.0,60.96
2022-01-10,24.96,0.0,60.74
2022-01-11,24.75,0.01,60.52
2022-01-12,24.94,0.0,53.18
2022-01-13,23.85,0.0,51.03
2022-01-14,24.18,0.19,56.47
2022-01-15,23.08,8.55,72.09
2022-01-16,21.1,3.72,85.75
2022-01-17,21.14,1.48,79.98
2022-01-18,20.78,11.44,84.31
2022-01-19,22.42,2.33,71.73
2022-01-20,21.79,3.89,73.09
2022-01-21,22.74,1.37,67.65
2022-01-22,23.15,2.24,70.51
2022-01-23,22.1,7.7,77.87
2022-01-24,23.07,1.17,70.95
2022-01-25,23.88,0.0,62.07
2022-01-26,23.57,0.0,61.14
2022-01-27,23.94,0.01,55.07
2022-01-28,23.54,0.01,56.66
2022-01-29,25.02,0.03,58.98
2022-01-30,24.42,1.95,64.73
2022-01-31,23.08,0.18,67.67
2022-02-01,22.21,0.2,69.91
2022-02-02,23.66,0.39,69.11
2022-02-03,23.31,0.33,69.94
2022-02-04,23.63,0.59,66.81
2022-02-05,21.79,11.78,73.74
2022-02-06,22.48,6.2,63.3
2022-02-07,23.6,0.08,59.45
2022-02-08,23.05,0.47,70.2
2022-02-09,23.74,1.41,69.64
2022-02-10,23.58,0.28,68.44
2022-02-11,23.81,0.94,68.42
2022-02-12,24.1,2.43,69.3
2022-02-13,24.08,2.16,68.77
2022-02-14,24.62,1.31,65.46
2022-02-15,23.12,0.6,74.51
2022-02-16,22.89,0.59,72.25
2022-02-17,23.2,0.17,70.75
2022-02-18,22.46,0.88,75.59
2022-02-19,22.32,0.32,76.75
2022-02-20,22.84,4.67,76.21
2022-02-21,22.5,0.66,73.35
2022-02-22,24.63,1.21,57.04
2022-02-23,23.32,0.72,65.58
2022-02-24,24.31,0.57,68.44
2022-02-25,22.55,0.89,79.7
2022-02-26,22.73,1.39,74.76
2022-02-27,23.89,3.46,69.32
2022-02-28,24.33,0.3,69.44
2022-03-01,25.25,0.56,66.17
2022-03-02,24.37,95.57,70.79
2022-03-03,24.37,9.43,69.48
2022-03-04,24.81,8.66,67.73
2022-03-05,24.96,3.8,65.27
2022-03-06,25.12,1.79,63.07
2022-03-07,25.01,3.97,67.2
2022-03-08,24.56,13.69,70.4
2022-03-09,25.3,4.44,66.13
2022-03-10,25.47,0.46,65.66
2022-03-11,25.08,0.25,66.36
2022-03-12,25.29,0.28,65.33
2022-03-13,25.21,0.11,63.27
2022-03-14,25.06,2.02,66.04
2022-03-15,25.29,1.03,64.29
2022-03-16,24.77,5.65,68.12
2022-03-17,23.58,1.36,71.48
2022-03-18,23.89,0.57,69.74
2022-03-19,23.82,1.37,72.9
2022-03-20,24.25,0.89,71.37
2022-03-21,24.65,1.4,71.1
2022-03-22,23.62,9.26,75.96
2022-03-23,22.19,3.21,82.23
2022-03-24,23.37,15.54,75.82
2022-03-25,22.82,3.29,79.92
2022-03-26,23.11,3.98,76.69
2022-03-27,21.34,6.99,85.5
2022-03-28,22.32,3.06,79.6
2022-03-29,21.01,10.42,86.94
2022-03-30,21.56,15.47,82.21
2022-03-31,22.88,2.33,77.67
2022-04-01,23.21,1.83,77.42
2022-04-02,24.04,8.11,74.38
2022-04-03,23.64,0.29,66.95
2022-04-04,24.33,0.18,66.96
2022-04-05,23.3,2.2,75.97
2022-04-06,23.16,1.17,78.33
2022-04-07,23.27,1.41,75.44
2022-04-08,22.8,1.15,77.24
2022-04-09,23.25,1.14,74.6
2022-04-10,24.3,0.68,69.74
2022-04-11,24.61,0.91,67.19
2022-04-12,23.45,3.71,74.47
2022-04-13,23.2,3.37,76.88
2022-04-14,23.24,2.55,77.19
2022-04-15,21.37,3.74,88.45
2022-04-16,21.23,8.9,82.13
2022-04-17,22.22,0.45,74.99
2022-04-18,23.47,0.66,73.74
2022-04-19,22.87,11.72,81.84
2022-04-20,23.19,0.78,79.62
2022-04-21,20.82,9.44,88.83
2022-04-22,22.02,19.52,81.03
2022-04-23,22.88,9.65,78.57
2022-04-24,20.7,12.63,91.05
2022-04-25,22.43,3.97,80.16
2022-04-26,20.93,2.8,86.56
2022-04-27,21.77,1.95,81.86
2022-04-28,21.75,3.95,81.42
2022-04-29,21.97,2.3,82.11
2022-04-30,22.6,14.25,80.65
2022-05-01,20.8,19.16,87.36
2022-05-02,21.25,7.29,85.19
2022-05-03,21.76,2.4,84.77
2022-05-04,21.95,2.29,81.89
2022-05-05,21.98,1.62,81.15
2022-05-06,20.47,30.41,89.94
2022-05-07,21.66,1.8,84.59
2022-05-08,21.54,4.41,86.54
2022-05-09,21.45,5.35,85.07
2022-05-10,22.35,0.57,81.78
2022-05-11,22.72,0.31,80.7
2022-05-12,21.91,0.72,84.37
2022-05-13,22.87,0.77,79.25
2022-05-14,23.06,0.52,77.55
2022-05-15,23.09,0.94,78.2
2022-05-16,22.44,0.87,78.89
2022-05-17,22.54,1.63,78.59
2022-05-18,21.75,5.14,82.89
2022-05-19,21.87,0.61,78.84
2022-05-20,22.42,1.86,79.39
2022-05-21,22.29,1.32,80.17
2022-05-22,22.27,0.32,78.38
2022-05-23,22.19,0.74,76.25
2022-05-24,21.08,0.55,82.39
2022-05-25,20.85,3.15,82.19
2022-05-26,20.23,12.93,87.33
2022-05-27,21.63,4.84,80.35
2022-05-28,20.01,4.07,91.94
2022-05-29,19.57,7.55,90.29
2022-05-30,19.62,4.71,87.25
2022-05-31,20.87,0.19,81.11
2022-06-01,21.48,0.43,79.26
2022-06-02,21.12,2.07,82.07
2022-06-03,21.13,0.34,76.83
2022-06-04,21.26,0.06,75.02
2022-06-05,21.09,0.47,75.8
2022-06-06,21.28,0.17,74.45
2022-06-07,21.25,0.95,76.27
2022-06-08,21.08,4.47,79.05
2022-06-09,19.9,2.64,83.39
2022-06-10,20.99,0.89,77.79
2022-06-11,21.48,1.1,77.12
2022-06-12,21.09,6.59,81.22
2022-06-13,21.66,1.97,75.49
2022-06-14,22.36,0.57,71.12
2022-06-15,22.78,0.86,70.64
2022-06-16,22.43,8.07,74.78
2022-06-17,22.59,1.85,75.37
2022-06-18,22.18,1.36,74.67
2022-06-19,20.76,22.15,85.01
2022-06-20,19.66,2.14,86.27
2022-06-21,20.91,0.11,77.61
2022-06-22,21.27,0.25,74.53
2022-06-23,21.01,0.43,75.16
2022-06-24,20.42,0.82,79.61
2022-06-25,20.7,0.14,77.34
2022-06-26,20.95,0.23,72.71
2022-06-27,21.53,0.07,70.39
2022-06-28,20.88,0.6,73.58
2022-06-29,20.79,0.16,71.31
2022-06-30,21.85,0.01,69.52
2022-07-01,21.5,0.01,71.36
2022-07-02,21.19,0.03,70.57
2022-07-03,21.09,0.0,67.6
2022-07-04,20.16,0.0,70.97
2022-07-05,20.41,0.0,66.02
2022-07-06,21.24,0.0,67.47
2022-07-07,21.51,0.0,69.36
2022-07-08,20.98,0.0,68.84
2022-07-09,20.91,0.0,68.85
2022-07-10,20.71,0.15,68.36
2022-07-11,21.16,0.11,68.48
2022-07-12,21.3,1.18,70.39
2022-07-13,21.4,1.32,71.0
2022-07-14,21.57,0.03,69.6
2022-07-15,21.74,0.2,72.25
2022-07-16,22.06,1.1,71.44
2022-07-17,23.01,0.53,64.71
2022-07-18,21.55,0.82,71.18
2022-07-19,21.57,1.33,72.03
2022-07-20,21.71,0.1,66.96
2022-07-21,21.46,0.32,67.04
2022-07-22,21.89,0.01,61.75
2022-07-23,21.59,0.32,67.39
2022-07-24,22.11,0.17,65.0
2022-07-25,22.56,0.46,66.14
2022-07-26,22.17,3.02,66.88
2022-07-27,22.57,1.34,67.85
2022-07-28,23.34,0.42,64.13
2022-07-29,22.65,7.81,74.07
2022-07-30,20.41,16.24,86.68
2022-07-31,19.91,2.69,85.59
2022-08-01,21.38,11.18,75.02
2022-08-02,19.63,2.33,85.99
2022-08-03,20.86,0.98,77.22
2022-08-04,21.6,0.98,74.08
2022-08-05,21.67,0.4,71.76
2022-08-06,21.87,0.45,70.61
2022-08-07,22.09,0.32,68.49
2022-08-08,22.12,0.17,66.66
2022-08-09,22.5,0.09,62.95
2022-08-10,22.05,0.51,65.73
2022-08-11,22.54,1.71,66.37
2022-08-12,22.36,4.52,70.16
2022-08-13,22.56,8.6,74.45
2022-08-14,22.49,2.1,74.7
2022-08-15,22.17,4.84,77.46
2022-08-16,20.43,28.95,86.38
2022-08-17,20.95,7.98,83.96
2022-08-18,21.14,4.82,76.52
2022-08-19,21.42,0.32,72.35
2022-08-20,22.46,1.55,75.79
2022-08-21,21.25,0.29,79.46
2022-08-22,22.22,0.73,70.09
2022-08-23,22.02,6.79,74.13
2022-08-24,21.41,1.44,74.39
2022-08-25,21.43,0.61,69.82
2022-08-26,22.53,0.31,66.81
2022-08-27,22.8,0.34,67.77
2022-08-28,21.6,3.87,77.34
2022-08-29,21.56,1.99,80.18
2022-08-30,21.82,4.69,78.15
2022-08-31,22.23,2.2,75.21
2022-09-01,22.11,4.43,73.93
2022-09-02,20.82,3.17,81.34
2022-09-03,21.35,5.06,74.5
2022-09-04,21.82,1.09,70.74
2022-09-05,22.37,4.43,74.65
2022-09-06,22.01,3.13,77.28
2022-09-07,21.2,6.96,79.96
2022-09-08,21.42,0.34,76.59
2022-09-09,22.68,1.24,71.06
2022-09-10,22.47,3.57,74.92
2022-09-11,22.92,1.67,74.37
2022-09-12,22.89,1.91,74.42
2022-09-13,21.9,5.48,81.38
2022-09-14,21.28,5.09,80.46
2022-09-15,21.21,4.05,80.56
2022-09-16,21.09,3.61,77.21
2022-09-17,21.82,0.99,76.62
2022-09-18,22.56,3.47,74.95
2022-09-19,23.06,3.73,73.72
2022-09-20,23.55,4.27,70.86
2022-09-21,23.77,2.87,70.86
2022-09-22,22.93,4.36,75.13
2022-09-23,22.8,3.86,75.15
2022-09-24,21.3,6.83,82.53
2022-09-25,21.96,13.51,78.02
2022-09-26,22.73,3.08,71.78
2022-09-27,22.38,2.95,72.75
2022-09-28,22.77,1.0,69.7
2022-09-29,21.98,2.64,73.84
2022-09-30,22.17,2.22,72.98
2022-10-01,21.41,8.81,78.97
2022-10-02,22.23,2.43,75.47
2022-10-03,21.31,34.34,81.62
2022-10-04,21.71,3.29,77.32
2022-10-05,21.64,14.16,77.1
2022-10-06,21.21,4.75,80.69
2022-10-07,20.34,4.75,86.34
2022-10-08,20.51,8.39,82.49
2022-10-09,21.2,2.57,75.0
2022-10-10,22.32,1.1,72.62
2022-10-11,21.4,4.46,81.91
2022-10-12,21.87,4.04,80.43
2022-10-13,22.27,1.95,77.69
2022-10-14,22.29,2.13,77.67
2022-10-15,21.94,20.69,79.19
2022-10-16,20.78,5.29,86.95
2022-10-17,21.72,17.37,81.17
2022-10-18,21.25,3.44,83.96
2022-10-19,20.02,7.11,90.74
2022-10-20,21.4,6.34,83.25
2022-10-21,22.38,4.49,78.17
2022-10-22,22.0,4.43,78.02
2022-10-23,22.6,0.16,74.73
2022-10-24,23.41,0.14,69.34
2022-10-25,23.47,0.22,69.12
2022-10-26,23.55,0.33,72.8
2022-10-27,23.02,1.07,76.94
2022-10-28,23.46,1.52,74.57
2022-10-29,22.99,5.72,77.96
2022-10-30,22.75,3.88,76.13
2022-10-31,23.03,0.77,74.69
2022-11-01,23.7,0.31,71.82
2022-11-02,21.67,8.25,83.09
2022-11-03,20.8,38.87,85.86
2022-11-04,21.64,1.88,79.79
2022-11-05,22.28,2.03,79.56
2022-11-06,22.15,2.36,80.6
2022-11-07,21.95,0.95,79.17
2022-11-08,21.93,5.73,79.04
2022-11-09,22.34,0.39,76.65
2022-11-10,21.53,0.88,82.61
2022-11-11,21.37,1.85,82.71
2022-11-12,20.5,10.32,89.51
2022-11-13,20.75,22.73,83.71
2022-11-14,21.9,1.43,78.92
2022-11-15,21.45,5.74,84.68
2022-11-16,22.61,2.64,77.73
2022-11-17,21.51,7.57,85.77
2022-11-18,21.74,0.69,80.61
2022-11-19,21.36,0.89,80.22
2022-11-20,22.06,4.53,78.64
2022-11-21,22.45,0.54,73.56
2022-11-22,22.17,4.98,77.49
2022-11-23,21.47,6.65,81.39
2022-11-24,21.21,4.51,81.85
2022-11-25,22.07,23.38,77.93
2022-11-26,21.52,31.75,83.9
2022-11-27,21.73,3.68,83.43
2022-11-28,20.74,2.76,87.28
2022-11-29,21.15,2.28,83.0
2022-11-30,22.27,2.55,77.52
2022-12-01,22.26,4.72,76.04
2022-12-02,21.97,0.26,75.02
2022-12-03,22.49,0.1,73.9
2022-12-04,23.06,4.38,73.79
2022-12-05,22.15,7.26,78.9
2022-12-06,21.74,1.06,80.09
2022-12-07,21.82,2.98,79.3
2022-12-08,21.19,19.53,84.9
2022-12-09,21.6,8.09,82.78
2022-12-10,21.66,1.89,80.91
2022-12-11,20.77,22.07,84.68
2022-12-12,22.17,9.0,79.12
2022-12-13,20.87,11.04,85.45
2022-12-14,21.36,5.26,80.17
2022-12-15,21.82,1.06,75.17
2022-12-16,22.16,0.7,74.63
2022-12-17,21.9,14.66,79.25
2022-12-18,22.67,4.7,74.48
2022-12-19,22.53,1.43,72.68
2022-12-20,22.81,0.33,68.31
2022-12-21,21.59,10.47,78.95
2022-12-22,22.08,1.18,76.15
2022-12-23,22.4,1.59,76.08
2022-12-24,21.45,2.69,84.79
2022-12-25,20.11,6.01,85.82
2022-12-26,21.69,3.0,77.83
2022-12-27,20.66,2.9,84.64
2022-12-28,20.69,3.11,86.52
2022-12-29,22.17,0.36,78.78
2022-12-30,22.03,0.07,71.9
2022-12-31,22.1,0.01,69.23
2023-01-01,22.15,0.0,64.25
2023-01-02,22.14,0.04,66.81
2023-01-03,22.26,0.31,74.38
2023-01-04,22.23,0.04,72.11
2023-01-05,22.82,0.18,64.35
2023-01-06,23.31,0.0,58.55
2023-01-07,23.27,0.0,59.8
2023-01-08,23.76,0.74,62.99
2023-01-09,23.0,1.86,68.79
2023-01-10,21.55,5.38,78.93
2023-01-11,21.98,3.67,75.58
2023-01-12,22.47,4.37,72.22
2023-01-13,22.28,0.58,70.67
2023-01-14,23.18,0.15,64.68
2023-01-15,23.32,0.02,63.12
2023-01-16,23.98,0.14,61.58
2023-01-17,23.41,0.06,61.26
2023-01-18,23.71,0.02,61.87
2023-01-19,24.24,0.01,62.78
2023-01-20,24.12,0.34,65.4
2023-01-21,24.92,0.01,60.1
2023-01-22,24.48,0.01,59.97
2023-01-23,23.55,0.92,66.37
2023-01-24,23.91,2.87,69.98
2023-01-25,23.36,1.21,72.24
2023-01-26,22.85,2.75,71.5
2023-01-27,23.5,0.84,70.8
2023-01-28,23.65,0.06,62.04
2023-01-29,23.53,0.03,60.02
2023-01-30,24.08,0.23,63.08
2023-01-31,23.82,0.24,60.28
2023-02-01,24.93,1.22,57.93
2023-02-02,25.23,0.89,58.15
2023-02-03,25.1,0.79,59.3
2023-02-04,24.02,0.27,62.47
2023-02-05,24.65,0.37,63.05
2023-02-06,25.99,0.16,55.25
2023-02-07,25.58,0.36,55.9
2023-02-08,25.35,1.31,59.36
2023-02-09,24.78,1.09,63.14
2023-02-10,24.8,2.6,64.16
2023-02-11,25.0,0.85,64.55
2023-02-12,25.21,0.36,59.54
2023-02-13,25.27,0.01,49.27
2023-02-14,24.76,0.04,56.58
2023-02-15,25.72,0.23,59.15
2023-02-16,26.18,0.02,55.81
2023-02-17,26.66,0.34,56.01
2023-02-18,26.08,0.03,53.55
2023-02-19,26.12,0.01,54.34
2023-02-20,26.31,0.03,53.4
2023-02-21,26.32,1.46,56.38
2023-02-22,24.61,7.92,70.59
2023-02-23,24.59,2.69,67.27
2023-02-24,23.33,4.61,74.63
2023-02-25,24.7,3.16,67.25
2023-02-26,24.39,3.37,70.36
2023-02-27,22.71,2.26,80.67
2023-02-28,22.89,1.66,76.36
2023-03-01,22.46,1.21,77.95
2023-03-02,22.6,0.63,78.34
2023-03-03,22.71,4.24,77.1
2023-03-04,23.6,0.11,72.04
2023-03-05,25.23,0.27,65.01
2023-03-06,25.73,0.0,58.44
2023-03-07,26.26,0.0,57.4
2023-03-08,26.44,0.03,60.63
2023-03-09,24.89,1.11,67.51
2023-03-10,24.14,1.25,70.23
2023-03-11,22.34,2.1,76.45
2023-03-12,20.8,8.43,81.59
2023-03-13,22.25,5.99,79.33
2023-03-14,22.57,6.28,77.27
2023-03-15,21.41,6.82,81.85
2023-03-16,22.31,5.04,76.34
2023-03-17,22.04,13.45,79.48
2023-03-18,21.32,15.36,83.81
2023-03-19,22.8,1.21,75.93
2023-03-20,21.53,20.01,82.88
2023-03-21,20.71,2.67,81.66
2023-03-22,21.85,1.66,77.21
2023-03-23,20.99,75.73,87.83
2023-03-24,21.8,7.68,79.61
2023-03-25,21.52,7.03,82.12
2023-03-26,20.38,20.51,88.65
2023-03-27,22.83,1.68,76.58
2023-03-28,21.19,14.58,89.05
2023-03-29,21.58,2.16,84.96
2023-03-30,22.31,3.49,79.7
2023-03-31,21.3,29.0,88.39
2023-04-01,20.53,20.94,84.21
2023-04-02,21.54,1.1,79.72
2023-04-03,21.99,2.58,80.47
2023-04-04,21.76,2.64,83.13
2023-04-05,21.79,6.25,82.07
2023-04-06,22.13,0.87,81.7
2023-04-07,22.65,0.48,81.18
2023-04-08,22.8,3.35,81.56
2023-04-09,22.01,7.1,83.81
2023-04-10,23.1,4.81,77.53
2023-04-11,22.92,1.91,80.1
2023-04-12,21.78,1.39,86.14
2023-04-13,21.39,1.32,86.6
2023-04-14,22.02,6.59,84.24
2023-04-15,22.79,0.78,80.5
2023-04-16,22.25,6.62,83.57
2023-04-17,22.28,38.85,85.17
2023-04-18,21.06,27.91,88.76
2023-04-19,21.3,3.82,86.09
2023-04-20,22.87,2.5,81.95
2023-04-21,22.15,8.07,87.11
2023-04-22,21.82,42.79,90.91
2023-04-23,20.69,6.55,89.41
2023-04-24,21.15,1.83,83.67
2023-04-25,21.61,2.23,84.01
2023-04-26,21.04,0.46,89.39
2023-04-27,21.21,5.59,86.46
2023-04-28,20.52,7.95,89.01
2023-04-29,20.39,7.28,85.92
2023-04-30,19.95,4.35,91.26
2023-05-01,20.7,6.22,84.81
2023-05-02,21.53,5.82,81.15
2023-05-03,20.59,2.63,88.64
2023-05-04,21.3,6.96,86.09
2023-05-05,21.76,1.74,83.16
2023-05-06,21.3,0.86,83.89
2023-05-07,21.54,3.2,86.14
2023-05-08,22.69,0.98,79.95
2023-05-09,22.17,4.08,85.21
2023-05-10,20.66,9.58,91.11
2023-05-11,21.79,1.16,84.76
2023-05-12,22.08,4.7,86.77
2023-05-13,21.86,1.62,83.75
2023-05-14,22.83,0.34,80.67
2023-05-15,22.91,0.15,81.16
2023-05-16,23.32,1.43,80.24
2023-05-17,22.34,3.45,83.02
2023-05-18,22.78,3.46,81.81
2023-05-19,22.92,3.61,82.74
2023-05-20,22.74,2.16,81.74
2023-05-21,23.0,1.83,77.36
2023-05-22,22.85,1.6,76.56
2023-05-23,22.48,1.48,80.2
2023-05-24,22.8,3.7,80.51
2023-05-25,22.25,3.63,81.08
2023-05-26,23.12,0.96,77.54
2023-05-27,22.73,0.9,77.93
2023-05-28,22.15,0.61,79.49
2023-05-29,21.73,0.21,73.65
2023-05-30,21.87,0.83,79.86
2023-05-31,21.97,3.43,80.72
2023-06-01,21.84,1.32,79.88
2023-06-02,21.83,6.21,82.1
2023-06-03,22.25,3.43,80.85
2023-06-04,22.41,1.6,80.2
2023-06-05,20.89,60.84,86.79
2023-06-06,21.81,5.58,82.26
2023-06-07,21.86,7.83,78.89
2023-06-08,21.3,3.69,75.16
2023-06-09,21.84,12.13,78.01
2023-06-10,22.18,1.48,79.8
2023-06-11,22.27,1.01,79.99
2023-06-12,21.65,2.2,79.57
2023-06-13,21.61,3.66,81.63
2023-06-14,21.55,5.49,82.4
2023-06-15,22.03,2.41,77.3
2023-06-16,22.38,0.55,75.21
2023-06-17,22.39,1.27,78.46
2023-06-18,22.27,4.42,79.15
2023-06-19,22.26,3.21,79.31
2023-06-20,22.15,1.21,78.52
2023-06-21,22.14,1.44,77.46
2023-06-22,21.71,6.97,82.27
2023-06-23,20.13,6.51,90.5
2023-06-24,20.89,4.18,83.96
2023-06-25,20.8,1.45,79.39
2023-06-26,20.98,0.41,78.3
2023-06-27,21.64,0.92,77.7
2023-06-28,22.35,0.19,76.1
2023-06-29,22.87,0.58,74.43
2023-06-30,21.67,13.17,82.79
2023-07-01,20.92,4.17,82.76
2023-07-02,20.43,1.84,82.6
2023-07-03,20.57,2.03,80.05
2023-07-04,20.81,1.9,78.74
2023-07-05,21.23,0.24,74.1
2023-07-06,21.2,0.38,74.05
2023-07-07,20.88,1.62,78.05
2023-07-08,20.46,1.23,78.16
2023-07-09,21.36,0.4,74.47
2023-07-10,21.74,0.21,74.36
2023-07-11,22.3,0.49,70.52
2023-07-12,22.52,2.3,72.1
2023-07-13,21.81,2.37,74.44
2023-07-14,21.42,1.78,78.72
2023-07-15,21.28,0.18,75.36
2023-07-16,21.46,0.39,72.77
2023-07-17,21.19,0.07,70.48
2023-07-18,21.53,0.07,72.11
2023-07-19,21.71,0.05,71.69
2023-07-20,22.04,0.0,68.91
2023-07-21,21.52,0.0,67.65
2023-07-22,21.6,0.01,71.27
2023-07-23,22.69,0.16,68.84
2023-07-24,22.53,0.65,73.26
2023-07-25,22.69,0.2,70.92
2023-07-26,22.05,0.08,68.73
2023-07-27,21.57,0.07,69.23
2023-07-28,21.96,0.8,72.91
2023-07-29,22.36,0.67,74.89
2023-07-30,22.62,0.79,72.83
2023-07-31,23.65,0.83,65.52
2023-08-01,21.87,1.49,73.6
2023-08-02,21.94,2.45,74.37
2023-08-03,21.9,2.5,73.85
2023-08-04,20.76,1.86,77.75
2023-08-05,21.76,0.38,74.27
2023-08-06,22.19,0.63,73.12
2023-08-07,22.31,0.78,72.67
2023-08-08,22.48,1.23,71.16
2023-08-09,22.9,0.24,67.7
2023-08-10,22.8,0.19,70.78
2023-08-11,22.72,1.69,71.71
2023-08-12,22.97,0.59,69.74
2023-08-13,23.73,0.82,68.44
2023-08-14,23.97,0.7,67.93
2023-08-15,23.7,0.53,68.18
2023-08-16,23.61,0.32,68.13
2023-08-17,23.62,1.3,69.66
2023-08-18,23.59,3.36,68.75
2023-08-19,24.33,0.45,65.94
2023-08-20,23.93,0.15,66.71
2023-08-21,24.66,0.44,62.72
2023-08-22,24.31,0.18,64.96
2023-08-23,24.73,0.67,61.85
2023-08-24,24.66,3.3,63.42
2023-08-25,24.7,2.13,64.75
2023-08-26,24.44,5.33,67.69
2023-08-27,23.13,2.18,71.91
2023-08-28,23.45,1.54,67.57
2023-08-29,22.55,5.65,70.54
2023-08-30,22.09,1.49,71.76
2023-08-31,22.5,5.99,72.52
2023-09-01,23.53,0.27,67.39
2023-09-02,24.16,0.62,67.07
2023-09-03,23.91,1.42,69.15
2023-09-04,23.95,1.05,70.41
2023-09-05,24.05,3.4,70.68
2023-09-06,21.64,2.27,77.75
2023-09-07,22.5,3.24,73.0
2023-09-08,23.97,0.63,69.11
2023-09-09,24.85,1.09,65.94
2023-09-10,22.64,5.25,80.36
2023-09-11,20.44,33.58,86.91
2023-09-12,21.98,1.21,78.16
2023-09-13,22.92,2.42,74.7
2023-09-14,23.08,23.96,77.5
2023-09-15,22.9,4.29,77.19
2023-09-16,22.14,1.48,82.74
2023-09-17,22.7,5.67,78.42
2023-09-18,21.54,38.81,84.49
2023-09-19,22.32,11.63,77.42
2023-09-20,22.81,58.99,76.89
2023-09-21,21.89,3.13,80.57
2023-09-22,21.97,8.74,81.67
2023-09-23,22.47,1.87,79.86
2023-09-24,22.77,7.41,78.68
2023-09-25,21.36,29.04,83.67
2023-09-26,21.85,1.04,77.71
2023-09-27,21.69,1.57,76.1
2023-09-28,20.86,5.62,83.57
2023-09-29,22.49,1.25,75.99
2023-09-30,23.12,0.52,74.62
2023-10-01,23.84,2.0,72.96
2023-10-02,22.83,3.23,79.68
2023-10-03,23.15,1.64,74.66
2023-10-04,23.75,1.34,71.88
2023-10-05,23.2,9.66,78.1
2023-10-06,23.91,18.02,72.64
2023-10-07,23.61,2.59,75.21
2023-10-08,22.65,3.94,81.84
2023-10-09,23.17,4.05,79.99
2023-10-10,23.96,2.85,75.67
2023-10-11,21.48,73.8,86.87
2023-10-12,23.13,6.53,77.63
2023-10-13,23.7,1.08,75.48
2023-10-14,23.88,1.72,76.83
2023-10-15,22.78,2.95,83.24
2023-10-16,20.71,13.36,92.57
2023-10-17,20.95,0.54,87.28
2023-10-18,20.62,2.95,92.14
2023-10-19,21.81,18.47,84.73
2023-10-20,20.02,36.39,92.43
2023-10-21,21.16,2.63,86.0
2023-10-22,21.05,1.88,84.48
2023-10-23,23.02,0.64,78.39
2023-10-24,23.62,0.1,76.32
2023-10-25,22.18,0.56,82.76
2023-10-26,21.55,5.7,86.34
2023-10-27,21.68,5.37,85.67
2023-10-28,21.68,2.15,83.4
2023-10-29,21.22,3.21,84.79
2023-10-30,21.46,6.86,82.83
2023-10-31,22.14,5.65,81.65
2023-11-01,21.66,3.92,85.87
2023-11-02,20.98,8.98,89.36
2023-11-03,21.09,6.67,87.84
2023-11-04,21.0,8.36,86.95
2023-11-05,22.27,5.65,77.34
2023-11-06,21.3,8.1,82.36
2023-11-07,20.41,13.55,83.05
2023-11-08,21.02,1.69,84.39
2023-11-09,21.29,2.3,85.04
2023-11-10,21.98,5.09,81.95
2023-11-11,21.99,1.7,81.85
2023-11-12,23.13,6.75,78.0
2023-11-13,21.69,19.79,85.0
2023-11-14,22.88,4.31,80.83
2023-11-15,21.31,16.56,87.63
2023-11-16,21.07,9.18,88.68
2023-11-17,22.32,9.73,85.7
2023-11-18,23.27,10.34,81.31
2023-11-19,23.81,6.01,78.72
2023-11-20,23.13,13.65,82.93
2023-11-21,21.06,18.78,91.99
2023-11-22,21.04,16.26,89.17
2023-11-23,22.81,2.28,78.68
2023-11-24,22.3,9.63,81.3
2023-11-25,22.08,33.94,79.68
2023-11-26,21.9,28.83,83.11
2023-11-27,22.24,26.28,82.36
2023-11-28,22.33,0.19,77.71
2023-11-29,21.68,0.88,81.33
2023-11-30,22.77,1.1,73.23
2023-12-01,22.47,0.21,69.71
2023-12-02,22.76,1.96,69.55
2023-12-03,22.18,4.38,79.92
2023-12-04,21.26,12.55,86.67
2023-12-05,21.59,0.71,80.51
2023-12-06,22.11,0.67,79.06
2023-12-07,22.91,0.25,75.99
2023-12-08,22.23,0.91,80.71
2023-12-09,22.65,0.86,79.98
2023-12-10,20.7,47.87,90.85
2023-12-11,20.75,6.3,85.76
2023-12-12,22.87,0.5,76.3
2023-12-13,22.16,1.37,83.01
2023-12-14,20.32,2.64,86.16
2023-12-15,21.58,1.52,82.63
2023-12-16,22.04,5.66,84.67
2023-12-17,23.03,0.37,76.85
2023-12-18,23.29,0.07,75.02
2023-12-19,23.87,0.01,70.83
2023-12-20,23.14,0.1,71.67
2023-12-21,23.48,0.09,72.78
2023-12-22,23.64,0.06,71.86
2023-12-23,23.82,0.12,73.77
2023-12-24,23.47,3.54,76.34
2023-12-25,23.3,2.62,77.81
2023-12-26,23.84,1.71,77.62
2023-12-27,21.14,5.39,84.62
2023-12-28,22.69,0.44,75.38
2023-12-29,23.34,0.43,75.94
2023-12-30,22.17,1.89,84.33
2023-12-31,21.04,3.74,89.04
2024-01-01,21.17,8.96,85.4
2024-01-02,21.32,13.64,85.46
2024-01-03,21.24,2.43,82.15
2024-01-04,21.66,1.88,78.62
2024-01-05,22.82,1.17,73.85
2024-01-06,22.27,0.72,74.03
2024-01-07,23.04,2.05,68.95
2024-01-08,22.72,1.27,75.34
2024-01-09,23.27,0.51,72.25
2024-01-10,23.03,0.39,72.05
2024-01-11,22.71,0.4,75.79
2024-01-12,21.63,1.86,82.48
2024-01-13,22.4,11.32,75.61
2024-01-14,21.91,2.67,79.23
2024-01-15,23.27,0.5,73.26
2024-01-16,22.12,0.33,76.49
2024-01-17,22.26,2.14,79.19
2024-01-18,20.95,1.35,80.25
2024-01-19,23.0,0.23,70.91
2024-01-20,23.35,0.01,67.99
2024-01-21,22.84,0.33,68.8
2024-01-22,22.56,4.51,75.96
2024-01-23,23.13,9.72,78.18
2024-01-24,23.1,3.24,78.65
2024-01-25,23.19,0.74,77.82
2024-01-26,24.03,1.14,72.75
2024-01-27,23.81,0.91,74.21
2024-01-28,24.19,0.12,70.98
2024-01-29,24.31,0.26,69.42
2024-01-30,23.6,0.93,72.17
2024-01-31,23.97,5.38,75.14
2024-02-01,23.48,0.81,76.83
2024-02-02,23.31,0.81,78.35
2024-02-03,22.83,0.96,76.85
2024-02-04,23.53,1.57,74.61
2024-02-05,23.94,5.56,76.09
2024-02-06,22.85,0.99,80.04
2024-02-07,23.09,0.05,75.86
2024-02-08,23.92,0.82,73.63
2024-02-09,24.35,0.23,71.93
2024-02-10,24.12,10.26,72.9
2024-02-11,24.7,1.12,70.25
2024-02-12,24.19,7.52,72.03
2024-02-13,24.6,6.5,71.55
2024-02-14,23.22,12.39,78.67
2024-02-15,22.56,3.28,80.16
2024-02-16,23.4,0.45,78.18
2024-02-17,24.3,0.85,75.52
2024-02-18,24.45,2.88,74.3
2024-02-19,23.86,2.34,76.86
2024-02-20,24.12,1.24,76.39
2024-02-21,25.03,0.33,71.3
2024-02-22,24.98,0.36,65.65
2024-02-23,24.82,0.09,70.86
2024-02-24,24.46,0.09,71.54
2024-02-25,24.76,1.43,70.12
2024-02-26,24.36,0.8,75.28
2024-02-27,22.48,2.37,83.78
2024-02-28,21.24,11.62,87.53
2024-02-29,22.1,6.92,82.38
2024-03-01,21.13,19.19,83.27
2024-03-02,21.75,24.15,80.49
2024-03-03,23.93,22.93,74.88
2024-03-04,23.44,11.39,80.78
2024-03-05,23.35,2.22,80.3
2024-03-06,22.55,2.67,84.61
2024-03-07,23.53,3.28,78.99
2024-03-08,24.06,1.19,76.31
2024-03-09,24.36,1.7,76.75
2024-03-10,23.46,5.67,81.92
2024-03-11,24.78,1.17,73.87
2024-03-12,24.01,0.03,67.34
2024-03-13,24.21,0.01,72.18
2024-03-14,25.45,0.01,69.3
2024-03-15,24.91,0.01,69.49
2024-03-16,24.28,0.01,70.02
2024-03-17,24.46,0.05,69.57
2024-03-18,24.99,0.12,71.21
2024-03-19,25.87,0.23,69.3
2024-03-20,25.52,0.15,71.95
2024-03-21,25.08,1.19,71.62
2024-03-22,25.37,0.12,70.92
2024-03-23,24.61,0.2,76.08
2024-03-24,22.51,1.7,88.39
2024-03-25,22.53,1.45,85.81
2024-03-26,22.42,2.23,83.06
2024-03-27,22.95,1.76,80.28
2024-03-28,23.73,14.08,77.87
2024-03-29,23.79,1.93,77.38
2024-03-30,24.01,5.42,80.65
2024-03-31,22.9,22.1,82.11
2024-04-01,21.74,1.12,85.95
2024-04-02,21.9,10.08,84.75
2024-04-03,20.27,10.2,91.12
2024-04-04,21.31,2.79,82.37
2024-04-05,22.63,2.7,81.72
2024-04-06,22.97,9.51,85.96
2024-04-07,22.81,6.4,86.96
2024-04-08,21.75,6.14,88.49
2024-04-09,23.47,13.01,74.57
2024-04-10,23.21,0.9,79.82
2024-04-11,22.68,2.83,83.28
2024-04-12,23.5,14.79,83.77
2024-04-13,22.4,29.92,86.72
2024-04-14,21.63,7.81,89.67
2024-04-15,22.3,8.64,87.52
2024-04-16,23.18,8.35,83.16
2024-04-17,23.04,0.49,81.72
2024-04-18,23.33,11.1,83.73
2024-04-19,22.4,13.42,86.59
2024-04-20,21.89,1.08,87.7
2024-04-21,22.19,2.8,85.79
2024-04-22,23.14,0.19,78.61
2024-04-23,23.68,0.97,82.19
2024-04-24,22.34,2.02,87.76
2024-04-25,22.13,3.85,88.69
2024-04-26,21.14,2.63,89.02
2024-04-27,22.43,0.17,83.16
2024-04-28,22.7,1.32,83.06
2024-04-29,22.99,1.1,83.54
2024-04-30,23.27,0.7,81.09
2024-05-01,23.43,0.93,80.5
2024-05-02,23.31,1.66,81.89
2024-05-03,21.53,13.41,91.78
2024-05-04,20.97,4.34,89.26
2024-05-05,22.02,0.4,80.86
2024-05-06,23.04,0.63,78.38
2024-05-07,23.41,0.61,78.86
2024-05-08,23.33,3.32,82.45
2024-05-09,22.22,9.56,87.16
2024-05-10,22.39,6.14,84.08
2024-05-11,23.21,2.29,82.11
2024-05-12,23.41,0.53,81.39
2024-05-13,23.44,0.29,79.68
2024-05-14,23.4,0.49,77.39
2024-05-15,23.03,1.34,80.37
2024-05-16,21.78,2.0,85.69
2024-05-17,23.16,1.08,79.87
2024-05-18,22.41,0.99,85.86
2024-05-19,22.95,0.66,81.36
2024-05-20,22.21,10.56,85.05
2024-05-21,21.38,1.67,88.55
2024-05-22,22.1,0.74,82.28
2024-05-23,22.6,0.79,81.07
2024-05-24,22.67,0.74,79.05
2024-05-25,22.37,0.6,78.18
2024-05-26,22.92,0.51,77.94
2024-05-27,23.24,0.21,76.39
2024-05-28,23.41,0.27,77.8
2024-05-29,23.25,1.19,79.75
2024-05-30,23.02,2.87,81.24
2024-05-31,23.15,0.82,80.83
2024-06-01,23.22,0.51,79.74
2024-06-02,23.42,2.38,77.05
2024-06-03,23.41,0.03,77.01
2024-06-04,23.05,0.32,76.8
2024-06-05,22.1,17.18,85.71
2024-06-06,21.06,6.62,89.03
2024-06-07,21.34,0.48,85.24
2024-06-08,22.05,0.17,75.17
2024-06-09,21.53,0.23,74.34
2024-06-10,21.31,2.55,78.26
2024-06-11,20.8,3.63,80.7
2024-06-12,20.33,4.15,80.82
2024-06-13,21.26,2.16,77.43
2024-06-14,21.77,3.37,74.73
2024-06-15,22.83,0.49,71.78
2024-06-16,22.03,1.97,81.18
2024-06-17,20.9,9.1,83.38
2024-06-18,21.95,0.69,78.34
2024-06-19,21.68,0.14,77.37
2024-06-20,22.33,3.77,75.88
2024-06-21,22.26,1.27,75.31
2024-06-22,21.76,2.72,75.74
2024-06-23,21.99,1.79,73.95
2024-06-24,21.37,0.29,73.67
2024-06-25,20.54,0.01,71.77
2024-06-26,20.55,0.01,70.78
2024-06-27,21.01,0.1,74.43
2024-06-28,21.03,0.72,76.5
2024-06-29,21.47,0.44,75.18
2024-06-30,22.09,0.04,71.97
2024-07-01,22.19,0.03,71.14
2024-07-02,22.1,0.03,70.38
2024-07-03,22.21,0.01,69.61
2024-07-04,22.87,0.02,70.88
2024-07-05,23.03,0.48,74.45
2024-07-06,21.49,1.28,80.55
2024-07-07,21.12,20.34,82.81
2024-07-08,21.38,0.37,79.84
2024-07-09,22.23,1.89,77.17
2024-07-10,21.96,3.19,79.72
2024-07-11,21.28,1.24,79.9
2024-07-12,22.12,3.99,75.72
2024-07-13,22.38,0.17,72.59
2024-07-14,22.55,0.65,72.83
2024-07-15,22.66,0.0,67.99
2024-07-16,22.59,0.15,72.19
2024-07-17,22.27,0.86,77.05
2024-07-18,22.24,0.39,75.77
2024-07-19,23.18,0.23,69.93
2024-07-20,21.88,0.7,78.09
2024-07-21,22.21,1.31,78.7
2024-07-22,21.45,17.91,82.69
2024-07-23,21.34,1.83,80.59
2024-07-24,22.39,1.38,65.71
2024-07-25,22.66,0.19,67.74
2024-07-26,22.5,0.43,71.62
2024-07-27,22.55,0.72,72.4
2024-07-28,22.73,0.21,71.19
2024-07-29,22.14,9.51,77.92
2024-07-30,22.15,5.15,79.03
2024-07-31,21.66,4.58,79.67
2024-08-01,21.56,0.26,79.74
2024-08-02,22.01,1.66,75.87
2024-08-03,22.71,0.31,73.01
2024-08-04,23.16,1.74,69.52
2024-08-05,22.98,0.03,62.67
2024-08-06,22.19,0.26,68.22
2024-08-07,22.76,0.02,70.35
2024-08-08,23.29,0.5,68.92
2024-08-09,23.41,1.43,68.6
2024-08-10,23.78,1.82,69.27
2024-08-11,23.95,1.31,66.8
2024-08-12,23.38,2.2,70.03
2024-08-13,23.09,2.3,71.47
2024-08-14,23.69,1.5,71.16
2024-08-15,22.35,2.42,75.68
2024-08-16,22.7,6.61,72.13
2024-08-17,22.46,18.62,75.47
2024-08-18,21.96,2.19,77.69
2024-08-19,22.54,0.81,73.28
2024-08-20,22.3,0.51,70.99
2024-08-21,21.63,0.21,72.54
2024-08-22,20.99,0.99,79.01
2024-08-23,22.46,0.31,71.61
2024-08-24,22.92,1.11,68.16
2024-08-25,22.65,0.79,69.92
2024-08-26,23.16,3.32,71.64
2024-08-27,23.45,3.5,71.54
2024-08-28,23.56,0.76,70.11
2024-08-29,24.22,1.43,69.13
2024-08-30,24.6,0.83,65.78
2024-08-31,23.3,3.44,67.75
2024-09-01,21.72,2.2,75.7
2024-09-02,21.62,3.36,75.46
2024-09-03,22.49,0.73,72.92
2024-09-04,22.39,6.64,75.48
2024-09-05,22.97,2.19,74.07
2024-09-06,23.08,3.92,69.84
2024-09-07,23.57,1.42,68.03
2024-09-08,24.05,1.57,66.27
2024-09-09,24.59,4.4,66.34
2024-09-10,23.93,4.74,70.95
2024-09-11,24.35,2.3,67.94
2024-09-12,23.83,2.07,68.95
2024-09-13,24.95,0.41,60.77
2024-09-14,24.06,2.25,67.32
2024-09-15,24.18,0.72,62.07
2024-09-16,23.83,2.45,70.81
2024-09-17,23.34,4.83,76.74
2024-09-18,23.57,3.57,73.7
2024-09-19,24.06,4.26,74.03
2024-09-20,21.66,5.02,84.55
2024-09-21,23.12,7.47,73.33
2024-09-22,22.13,60.91,83.86
2024-09-23,21.59,12.48,83.44
2024-09-24,22.26,1.51,74.27
2024-09-25,22.73,0.91,74.08
2024-09-26,23.02,1.72,73.99
2024-09-27,23.61,1.22,71.09
2024-09-28,23.52,0.34,76.48
2024-09-29,22.23,0.88,80.9
2024-09-30,22.4,0.27,77.74
2024-10-01,23.01,2.38,78.24
2024-10-02,21.4,3.61,89.25
2024-10-03,22.58,9.83,77.7
2024-10-04,23.3,1.08,69.1
2024-10-05,22.81,1.41,73.46
2024-10-06,22.25,20.07,78.76
2024-10-07,22.28,5.27,79.64
2024-10-08,22.0,10.31,80.68
2024-10-09,21.54,6.2,82.11
2024-10-10,21.68,5.97,81.13
2024-10-11,21.65,5.14,82.61
2024-10-12,21.09,3.25,83.18
2024-10-13,22.49,1.15,73.97
2024-10-14,21.06,23.46,86.72
2024-10-15,22.9,6.85,77.63
2024-10-16,20.46,6.54,90.94
2024-10-17,22.11,2.39,82.58
2024-10-18,22.02,18.12,82.68
2024-10-19,22.58,2.85,78.92
2024-10-20,23.18,2.2,76.29
2024-10-21,22.46,9.2,82.33
2024-10-22,21.56,4.5,85.56
2024-10-23,22.65,1.44,78.92
2024-10-24,23.67,1.15,76.34
2024-10-25,23.47,1.67,77.43
2024-10-26,24.03,0.45,73.83
2024-10-27,21.45,14.5,87.66
2024-10-28,21.9,4.13,86.14
2024-10-29,22.87,1.19,79.62
2024-10-30,23.36,0.76,76.91
2024-10-31,23.71,0.16,74.65
2024-11-01,21.49,2.03,86.05
2024-11-02,20.88,2.56,87.69
2024-11-03,22.88,1.11,77.57
2024-11-04,21.35,2.86,85.23
2024-11-05,20.11,2.3,92.47
2024-11-06,21.24,1.38,87.8
2024-11-07,22.92,3.25,78.81
2024-11-08,22.65,17.65,80.11
2024-11-09,23.54,0.33,71.03
2024-11-10,23.16,1.21,74.7
2024-11-11,22.48,15.54,80.91
2024-11-12,22.51,0.43,80.53
2024-11-13,22.62,0.46,79.96
2024-11-14,21.71,2.06,86.26
2024-11-15,21.18,6.06,88.34
2024-11-16,20.57,7.55,89.76
2024-11-17,22.43,1.2,78.24
2024-11-18,22.35,1.28,77.84
2024-11-19,23.15,2.07,76.44
2024-11-20,22.49,6.82,84.06
2024-11-21,21.34,21.39,87.79
2024-11-22,22.67,7.46,79.2
2024-11-23,21.1,4.43,89.67
2024-11-24,20.58,53.16,89.82
2024-11-25,21.11,0.92,86.81
2024-11-26,22.1,2.8,81.65
2024-11-27,19.86,7.16,90.3
2024-11-28,19.78,2.07,86.4
2024-11-29,20.51,0.9,83.43
2024-11-30,21.25,0.14,82.46
2024-12-01,21.53,0.29,81.86
2024-12-02,22.55,0.4,75.11
2024-12-03,22.37,0.17,71.16
2024-12-04,22.15,0.16,69.59
2024-12-05,21.55,0.25,72.36
2024-12-06,23.02,16.49,68.74
2024-12-07,21.71,0.07,69.13
2024-12-08,21.27,0.01,70.3
2024-12-09,22.67,0.04,70.01
2024-12-10,23.23,0.41,70.85
2024-12-11,23.08,0.14,72.71
2024-12-12,23.53,0.35,70.25
2024-12-13,23.66,0.81,69.82
2024-12-14,23.84,0.38,70.33
2024-12-15,23.89,3.26,72.87
2024-12-16,22.93,10.58,78.24
2024-12-17,23.55,0.35,70.71
2024-12-18,24.28,0.4,66.59
2024-12-19,23.67,0.63,72.05
2024-12-20,22.56,12.01,76.42
2024-12-21,22.2,3.61,80.25
2024-12-22,21.58,19.84,85.66
2024-12-23,21.59,9.91,84.76
2024-12-24,21.97,1.34,83.5
2024-12-25,22.41,3.77,82.24
2024-12-26,21.88,4.39,83.77
2024-12-27,22.94,2.8,75.44
2024-12-28,22.96,1.96,72.59
2024-12-29,22.83,0.06,64.23
2024-12-30,22.86,0.32,63.13
2024-12-31,23.03,0.48,66.81
2025-01-01,23.23,0.41,69.0
2025-01-02,22.6,0.11,67.9
2025-01-03,23.42,0.08,64.91
2025-01-04,23.92,0.67,65.83
2025-01-05,23.81,0.07,65.53
2025-01-06,23.07,0.0,63.08
2025-01-07,24.39,0.05,61.11
2025-01-08,24.14,0.2,61.26
2025-01-09,24.41,0.48,64.13
2025-01-10,23.62,2.16,72.75
2025-01-11,21.29,19.36,84.52
2025-01-12,23.37,0.39,69.72
2025-01-13,23.97,0.41,67.22
2025-01-14,23.52,0.11,67.13
2025-01-15,22.6,0.0,65.73
2025-01-16,23.17,0.01,64.62
2025-01-17,23.47,0.0,62.76
2025-01-18,24.06,0.06,63.03
2025-01-19,24.75,0.06,62.4
2025-01-20,24.55,0.02,61.94
2025-01-21,24.9,0.25,61.61
2025-01-22,24.65,6.01,66.52
2025-01-23,24.0,7.85,68.8
2025-01-24,23.95,5.49,68.95
2025-01-25,22.94,14.73,70.96
2025-01-26,23.25,1.07,69.39
2025-01-27,23.96,0.16,64.74
2025-01-28,22.83,0.01,66.98
2025-01-29,23.21,0.36,68.52
2025-01-30,23.2,0.14,68.46
2025-01-31,23.98,0.5,67.86
2025-02-01,24.11,0.45,67.35
2025-02-02,24.25,0.34,68.19
2025-02-03,25.25,0.02,61.95
2025-02-04,25.74,0.01,58.75
2025-02-05,24.8,0.01,55.96
2025-02-06,25.09,0.0,54.93
2025-02-07,24.78,2.43,67.71
2025-02-08,24.55,1.27,70.66
2025-02-09,24.56,1.79,68.94
2025-02-10,25.86,0.39,62.98
2025-02-11,26.0,0.21,60.86
2025-02-12,25.68,0.0,55.83
2025-02-13,26.77,5.95,58.22
2025-02-14,25.74,4.22,59.88
2025-02-15,24.96,46.39,67.81
2025-02-16,25.04,34.17,68.96
2025-02-17,24.32,30.77,71.28
2025-02-18,23.71,1.79,61.57
2025-02-19,23.45,0.12,59.8
2025-02-20,23.88,0.0,54.93
2025-02-21,24.68,0.0,58.01
2025-02-22,24.48,0.0,56.03
2025-02-23,23.1,0.0,59.18
2025-02-24,24.27,0.0,58.82
2025-02-25,25.26,0.1,56.45
2025-02-26,24.86,0.0,53.65
2025-02-27,25.07,0.0,47.45
2025-02-28,25.0,0.0,52.9
2025-03-01,25.88,0.04,55.48
2025-03-02,26.86,0.01,57.0
2025-03-03,26.83,0.11,60.24
2025-03-04,25.96,0.14,61.69
2025-03-05,26.62,0.17,59.52
2025-03-06,27.26,0.29,58.86
2025-03-07,27.65,0.05,57.67
2025-03-08,25.41,0.68,67.09
2025-03-09,25.31,2.26,63.25
2025-03-10,21.05,16.03,86.58
2025-03-11,23.76,2.01,71.89
2025-03-12,23.21,3.49,78.38
2025-03-13,22.87,1.16,79.32
2025-03-14,24.46,0.79,72.76
2025-03-15,24.44,0.45,70.15
2025-03-16,23.14,0.82,75.87
2025-03-17,22.63,1.52,77.9
2025-03-18,22.44,5.19,78.6
2025-03-19,22.52,7.71,82.04
2025-03-20,20.99,19.71,87.18
2025-03-21,22.25,0.8,79.79
2025-03-22,23.17,6.59,78.71
2025-03-23,23.52,38.94,79.67
2025-03-24,21.84,46.27,85.62
2025-03-25,23.53,2.46,76.62
2025-03-26,23.28,23.32,79.93
2025-03-27,23.32,0.59,75.38
2025-03-28,21.09,15.18,90.57
2025-03-29,21.74,5.28,84.72
2025-03-30,22.71,0.64,80.06
2025-03-31,23.16,1.45,80.46
2025-04-01,22.52,0.99,83.24
2025-04-02,22.14,0.92,81.4
2025-04-03,22.95,0.36,79.84
2025-04-04,22.86,2.29,82.96
2025-04-05,22.04,3.28,86.35
2025-04-06,21.24,1.63,88.27
2025-04-07,21.58,7.92,82.06
2025-04-08,22.61,7.76,80.46
2025-04-09,22.99,0.18,77.81
2025-04-10,23.54,3.69,76.09
2025-04-11,23.04,1.14,80.36
2025-04-12,23.26,1.15,77.39
2025-04-13,22.14,4.8,82.4
2025-04-14,22.2,0.54,79.43
2025-04-15,21.71,1.62,82.62
2025-04-16,22.01,28.5,77.99
2025-04-17,22.48,0.3,73.12
2025-04-18,23.07,4.07,75.54
2025-04-19,22.94,1.69,76.6
2025-04-20,21.72,1.16,80.87
2025-04-21,22.81,0.6,77.88
2025-04-22,22.74,1.87,81.47
2025-04-23,21.92,12.05,83.32
2025-04-24,22.63,1.9,79.3
2025-04-25,22.49,10.51,82.53
2025-04-26,22.9,0.48,79.04
2025-04-27,23.23,0.27,78.61
2025-04-28,23.25,6.46,77.78
2025-04-29,23.6,6.18,77.49
2025-04-30,23.02,1.14,78.98
2025-05-01,23.15,4.58,78.72
2025-05-02,21.25,33.04,88.88
2025-05-03,21.57,2.38,88.63
2025-05-04,20.78,13.09,91.94
2025-05-05,21.38,1.7,80.88
2025-05-06,22.09,1.81,80.24
2025-05-07,20.22,26.51,90.24
2025-05-08,21.03,3.06,82.77
2025-05-09,20.66,0.68,86.11
2025-05-10,22.11,0.9,81.28
2025-05-11,22.51,1.83,82.2
2025-05-12,21.99,1.47,83.88
2025-05-13,21.82,0.77,81.45
2025-05-14,20.98,2.24,82.27
2025-05-15,21.57,31.43,84.23
2025-05-16,22.02,3.07,82.74
2025-05-17,21.7,0.71,82.87
2025-05-18,22.7,0.34,78.92
2025-05-19,21.65,2.75,85.35
2025-05-20,21.87,8.81,85.12
2025-05-21,21.24,6.28,88.33
2025-05-22,21.49,2.24,87.23
2025-05-23,21.13,3.65,87.99
2025-05-24,21.18,1.66,83.62
2025-05-25,22.33,1.62,79.29
2025-05-26,21.66,0.99,83.24
2025-05-27,20.86,0.65,84.2
2025-05-28,21.54,1.04,80.19
2025-05-29,21.98,3.29,80.82
2025-05-30,21.27,1.75,83.77
2025-05-31,21.61,0.82,77.25
2025-06-01,21.31,1.63,77.1
2025-06-02,20.89,0.99,80.15
2025-06-03,21.89,1.27,78.06
2025-06-04,21.71,2.22,81.55
2025-06-05,21.78,4.73,79.12
2025-06-06,21.38,15.27,81.47
2025-06-07,21.77,1.55,77.74
2025-06-08,21.41,10.08,81.5
2025-06-09,22.44,1.05,74.47
2025-06-10,22.38,0.44,76.99
2025-06-11,21.11,0.61,75.27
2025-06-12,21.11,2.21,82.36
2025-06-13,21.04,0.55,79.69
2025-06-14,21.58,0.04,76.05
2025-06-15,21.52,0.07,74.51
2025-06-16,21.09,0.0,72.06
2025-06-17,21.67,0.6,74.18
2025-06-18,21.48,1.3,76.25
2025-06-19,20.87,4.17,80.46
2025-06-20,20.77,1.85,74.29
2025-06-21,22.88,1.27,71.1
2025-06-22,22.75,1.66,72.55
2025-06-23,22.38,5.01,76.14
2025-06-24,22.29,6.06,78.44
2025-06-25,22.61,0.46,73.38
2025-06-26,22.32,0.5,73.54
2025-06-27,23.32,0.49,71.12
2025-06-28,23.14,0.64,71.67
2025-06-29,20.88,1.82,81.82
2025-06-30,21.54,1.71,76.14
2025-07-01,21.68,1.09,72.3
2025-07-02,21.7,0.24,73.43
2025-07-03,21.48,2.14,77.48
2025-07-04,22.22,1.11,74.34
2025-07-05,22.51,3.03,72.3
2025-07-06,22.39,3.41,75.98
2025-07-07,22.52,3.75,74.26
2025-07-08,21.87,24.9,78.62
2025-07-09,20.63,2.6,79.08
2025-07-10,19.93,0.66,76.44
2025-07-11,20.61,0.59,74.86
2025-07-12,21.13,0.64,76.44
2025-07-13,22.03,0.23,72.93
2025-07-14,21.75,0.99,77.22
2025-07-15,21.78,0.62,74.69
2025-07-16,21.96,0.41,70.71
2025-07-17,22.42,0.22,70.06
2025-07-18,23.3,0.17,67.5
2025-07-19,22.7,0.6,71.7
2025-07-20,22.69,0.25,70.89
2025-07-21,22.55,0.41,67.54
2025-07-22,22.47,0.15,68.57
2025-07-23,22.52,1.85,72.22
2025-07-24,22.63,1.43,70.12
2025-07-25,23.02,0.99,67.54
2025-07-26,22.88,0.57,66.14
2025-07-27,22.98,0.28,67.42
2025-07-28,22.5,0.11,66.71
2025-07-29,21.74,0.03,65.76
2025-07-30,21.39,0.04,65.97
2025-07-31,21.94,0.09,66.5
2025-08-01,22.33,0.07,65.91
2025-08-02,22.55,0.09,65.17
2025-08-03,21.76,0.12,67.66
2025-08-04,21.8,0.01,62.48
2025-08-05,22.22,0.02,60.92
2025-08-06,23.23,0.02,61.48
2025-08-07,23.5,0.17,64.95
2025-08-08,23.29,2.57,68.04
2025-08-09,22.51,2.24,74.13
2025-08-10,23.44,2.5,70.49
2025-08-11,21.66,36.16,79.96
2025-08-12,22.09,2.37,75.32
2025-08-13,21.92,1.54,77.82
2025-08-14,23.08,0.3,70.28
2025-08-15,23.16,1.2,71.09
2025-08-16,20.99,6.61,81.12
2025-08-17,21.6,2.65,76.03
2025-08-18,20.4,3.34,85.15
2025-08-19,20.55,5.73,83.72
2025-08-20,21.31,0.46,74.5
2025-08-21,21.25,0.1,70.08
2025-08-22,21.08,0.09,69.41
2025-08-23,22.03,0.06,67.3
2025-08-24,22.3,1.21,68.58
2025-08-25,21.09,3.93,78.89
2025-08-26,22.09,1.46,72.96
2025-08-27,22.25,0.96,70.76
2025-08-28,22.65,0.64,68.34
2025-08-29,23.48,0.92,65.16
2025-08-30,22.91,0.52,61.1
2025-08-31,21.64,2.99,67.55
2025-09-01,22.35,0.2,68.26
2025-09-02,23.15,0.02,62.87
2025-09-03,23.82,0.3,62.86
2025-09-04,23.85,0.39,62.31
2025-09-05,23.71,0.84,64.07
2025-09-06,24.56,0.81,61.04
2025-09-07,23.65,1.3,67.08
2025-09-08,23.11,1.61,68.67
2025-09-09,23.98,1.1,65.28
2025-09-10,24.84,0.92,59.65
2025-09-11,22.84,14.9,73.22
2025-09-12,23.02,2.91,69.84
2025-09-13,22.94,0.26,69.86
2025-09-14,24.12,0.42,66.37
2025-09-15,23.11,0.83,70.09
2025-09-16,24.68,0.2,60.14
2025-09-17,24.27,0.35,66.67
2025-09-18,23.4,11.06,72.29
2025-09-19,23.94,3.87,67.51
2025-09-20,23.8,0.44,64.27
2025-09-21,23.51,0.44,60.85
2025-09-22,23.81,2.37,64.2
2025-09-23,23.98,1.75,66.21
2025-09-24,24.19,3.53,67.27
2025-09-25,23.52,4.43,70.43
2025-09-26,24.29,1.03,62.07
2025-09-27,24.07,1.6,66.56
2025-09-28,24.07,1.0,67.75
2025-09-29,24.8,0.36,65.72
2025-09-30,23.27,2.34,74.86
2025-10-01,23.31,2.14,72.78
2025-10-02,24.18,0.2,67.61
2025-10-03,22.4,3.2,76.63
2025-10-04,23.33,1.08,73.54
2025-10-05,21.17,10.5,79.31
2025-10-06,21.5,30.99,79.23
2025-10-07,20.73,17.1,83.99
2025-10-08,22.32,8.5,77.82
2025-10-09,21.6,6.1,81.41
2025-10-10,21.93,1.1,76.08
2025-10-11,23.17,0.52,66.31
2025-10-12,23.42,3.85,66.54
2025-10-13,23.28,6.18,72.31
2025-10-14,23.0,1.48,73.64
2025-10-15,22.49,2.08,76.87
2025-10-16,22.85,0.46,73.65
2025-10-17,21.63,1.89,77.69
2025-10-18,21.98,3.48,77.83
2025-10-19,22.26,1.78,73.16
2025-10-20,22.84,0.56,70.66
2025-10-21,22.69,1.41,71.77
2025-10-22,21.8,3.5,75.05
2025-10-23,22.14,0.52,73.92
2025-10-24,23.51,0.48,68.33
2025-10-25,24.55,0.57,66.9
2025-10-26,23.08,0.53,74.09
2025-10-27,23.91,0.29,70.73
2025-10-28,23.83,3.32,74.76
2025-10-29,22.22,5.06,82.01
2025-10-30,22.09,4.64,78.23
2025-10-31,22.42,10.94,77.02
2025-11-01,20.93,10.85,84.3
2025-11-02,21.47,6.49,78.89
2025-11-03,22.0,1.57,77.89
2025-11-04,23.09,0.41,72.56
2025-11-05,23.67,3.99,70.01
2025-11-06,23.97,0.37,67.41
2025-11-07,22.92,2.78,75.75
2025-11-08,21.09,10.92,88.37
2025-11-09,21.06,32.97,80.24
2025-11-10,20.92,3.18,82.02
2025-11-11,22.4,3.94,78.01
2025-11-12,22.63,0.72,75.59
2025-11-13,23.28,0.5,71.29
2025-11-14,21.87,4.03,77.94
2025-11-15,21.79,7.54,78.69
2025-11-16,21.41,4.24,82.15
2025-11-17,22.38,22.41,78.24
2025-11-18,22.7,8.45,73.58
2025-11-19,22.69,7.62,72.18
2025-11-20,23.34,6.17,70.86
2025-11-21,22.9,2.18,74.3
2025-11-22,22.92,0.44,68.61
2025-11-23,22.92,0.0,66.8
2025-11-24,23.31,0.57,66.32
2025-11-25,23.52,2.18,69.02
2025-11-26,23.52,0.29,67.68
2025-11-27,23.77,0.79,69.1
2025-11-28,24.22,1.05,67.48
2025-11-29,24.21,0.56,66.79
2025-11-30,24.13,1.42,67.88
2025-12-01,24.28,0.04,64.35
2025-12-02,24.05,0.01,61.09
2025-12-03,24.03,0.01,61.61
2025-12-04,24.03,0.26,63.36
2025-12-05,24.51,0.67,61.98
2025-12-06,24.19,0.1,61.32
2025-12-07,24.38,0.42,62.44
2025-12-08,24.47,0.33,60.95
2025-12-09,25.25,0.68,57.9
2025-12-10,24.5,1.34,65.95
2025-12-11,24.38,0.43,64.03
2025-12-12,24.65,1.71,65.68
2025-12-13,24.09,3.89,70.45
2025-12-14,23.2,17.95,74.01
2025-12-15,23.29,3.6,72.23
2025-12-16,23.22,0.76,72.81
2025-12-17,22.75,6.73,76.86
2025-12-18,21.67,3.02,82.13
2025-12-19,22.58,2.23,77.56
2025-12-20,22.82,2.73,75.8
2025-12-21,21.6,2.47,80.28
2025-12-22,22.54,1.55,75.97
2025-12-23,22.75,0.77,74.06
2025-12-24,23.39,0.61,71.71
2025-12-25,24.49,0.18,64.24
2025-12-26,24.5,0.18,67.91
2025-12-27,25.17,0.3,63.92
2025-12-28,21.72,3.81,78.58
2025-12-29,21.36,2.64,78.01
2025-12-30,22.14,0.65,71.64
2025-12-31,22.87,2.91,71.19
2026-01-01,21.74,0.81,78.28
2026-01-02,22.8,1.29,74.0
2026-01-03,23.04,0.62,70.69
2026-01-04,23.75,0.53,62.32
2026-01-05,23.31,0.22,63.06
2026-01-06,23.25,0.42,66.21
2026-01-07,24.06,0.3,62.22
2026-01-08,23.37,0.0,55.53
2026-01-09,22.98,0.01,54.98
2026-01-10,23.06,2.48,66.52
2026-01-11,22.54,2.15,74.07
2026-01-12,23.05,2.46,72.03
2026-01-13,23.67,0.64,65.99
2026-01-14,23.27,0.0,53.59
2026-01-15,22.71,0.0,47.21
2026-01-16,23.36,0.0,46.13
2026-01-17,23.67,0.09,49.95
2026-01-18,24.01,2.88,64.01
2026-01-19,23.46,3.36,70.48
2026-01-20,24.07,1.53,64.28
2026-01-21,23.83,0.05,58.2
2026-01-22,24.17,0.06,57.31
2026-01-23,24.14,0.0,49.58
2026-01-24,24.47,0.0,49.9
2026-01-25,-999.0,-999.0,-999.0
2026-01-26,-999.0,-999.0,-999.0
2026-01-27,-999.0,-999.0,-999.0
